"Slug","Title","Front","Front:alt","Describe","img 1","Image 1","Image 1:alt","img 2","Image 2","Image 2:alt","img 3","Image 3","Image 3:alt","img 4","Image 4","Image 4:alt","img 5","Image 5","Image 5:alt","img 6","Image 6","Image 6:alt","img 7","Image 7","Image 7:alt","img 8","Image 8","Image 8:alt"
"chemagic","Chemagic ","https://framerusercontent.com/images/wnbsZs6rxE7pS1TkUY1OGxxSGHo.png","","<p dir=""auto""><br></p>","true","https://framerusercontent.com/images/HZS4b7QoaV2VLxpoa46SHWQCs.png","","true","https://framerusercontent.com/images/kJblReypaUzNSDOa4Ta0tuH6gTY.png","","true","https://framerusercontent.com/images/ln2Y0Wd05yM8qmqnqOYOLqZfEbs.png","","true","https://framerusercontent.com/images/iFHYTVmaBRgmu9FeuM6jRLgfOg.png","","true","https://framerusercontent.com/images/1UggYwcQ4xttUUGZLL5ql2wZS8.png","","false","","","false","","","false","",""
"gaze-of-kin","Gaze of Kin","https://framerusercontent.com/images/i49jaoILn9pAo0q2fn7NNwTfmQ.png","","","true","https://framerusercontent.com/images/m9hVUcETPc55Uu8WSjnrdZ2Cx1Q.png","","true","https://framerusercontent.com/images/9zAGvVfVWwGVbWonoxKmot6JDl0.png","","true","https://framerusercontent.com/images/YOBLKXlN8nalQMCktUnW9HvORbs.png","","true","https://framerusercontent.com/images/9MnY80bpkDdBc28Gouhe7sxdjR0.png","","true","https://framerusercontent.com/images/HKMapgZKACLv9iDMtZteZ5B7w.png","","true","https://framerusercontent.com/images/o4Uz6sVp7z5UeEH1YNbJZhxV5w.png","","true","https://framerusercontent.com/images/IMJyGBHFwJ3palL028hk9YM.png","","true","https://framerusercontent.com/images/7YRzPVKwfjF8TSZVt66NnMnhjdo.png",""
"situchem-ningbo","SituChem","https://framerusercontent.com/images/E5L9TE0bVDKyB7tz2AcfRrIrhM.png","","<p><br></p>","true","https://framerusercontent.com/images/b8OilLlE4OLpqrBS1ZhNxbDMc.png","","true","https://framerusercontent.com/images/WrPMZwpRJKRSqTPxSMma6XdeJA.png","","true","https://framerusercontent.com/images/wuZiv0OHwEdDlxalqL0OqynaIg.png","","true","https://framerusercontent.com/images/6n6DONKZ6qbN2oM8QAX1X5MxXhU.png","","true","https://framerusercontent.com/images/cpgZWba3cypgRi8S84WgXqoswg.png","","true","https://framerusercontent.com/images/bpLeiStUl8e9TkecFPq3YF44Zwo.png","","false","","","false","",""
"junida-fiber-tech","Junida Fiber Tech","https://framerusercontent.com/images/MVgXMsIOWFFt6XoLy4Kx0AxnLJc.png","","<p><br></p>","true","https://framerusercontent.com/images/qbxoBJZuja7GGyeLJqopFPEiUpc.jpg","","true","https://framerusercontent.com/images/MkjqQXH0rbg2mVQQVRGzlXbh4E.jpg","","true","https://framerusercontent.com/images/YUk9hrhIR644FgOrW9GOAzhwTM.png","","true","https://framerusercontent.com/images/pGwVDEMoch7ajPWImr8bswf4Q.jpg","","true","https://framerusercontent.com/images/vcE2OPdwJDQe9Cf5ED7W2Eb5buk.png","","true","https://framerusercontent.com/images/XJXxKVm7qKuC4uahD1MgaBa8Zk.png","","true","https://framerusercontent.com/images/juhsHcPwPTSJvoEP3gaqtv1PC0.png","","true","https://framerusercontent.com/images/DYVLjDwzhzQfPIQRVr1OqAkTEE.png",""
"chemintech","CheminTech","https://framerusercontent.com/images/QKeRatRIl9lDjh5Je0ZjAv4xyE4.png","","","true","https://framerusercontent.com/images/XWcZT2iPQOdrlU6JzU1p01dyMQ.png","","true","https://framerusercontent.com/images/eCZ9SsomNTNavKlqpdKZUD2NNq4.png","","true","https://framerusercontent.com/images/hNQtFO60HFRMotTXB12OaJ3BRI.png","","false","","","false","","","false","","","false","","","false","",""
"innee-gallery","INNEE Gallery","https://framerusercontent.com/images/cYBYpYihYSbHjIuT42qKwakt16U.gif","","<p><br></p>","true","https://framerusercontent.com/images/6dgjAZIr5Ky7VokCosLn78gvJc.png","","true","https://framerusercontent.com/images/04M06zps4cUFuzrMOVQxt6fgqYI.png","","true","https://framerusercontent.com/images/PLOBxRTkdpBgBsCndFQ4HgFqs.png","","true","https://framerusercontent.com/images/VdsBiVsMRuk9EeB6AydSFlCFo.png","","true","https://framerusercontent.com/images/3Xb8QXHjHCjnDQubTYBY5HrydI.png","","true","https://framerusercontent.com/images/JjcYx4pNhfblwuVvcHZ0pqsg.png","","true","https://framerusercontent.com/images/w86pOY2hEIZSJhKrwfydJDZuYE.png","","true","https://framerusercontent.com/images/09G67V5kvFF6h9p1YPiz4sbaoD4.png",""
"wtattoo","W-Tattoo","https://framerusercontent.com/images/Jj6Kw0cq0caFNSyIT2nB8YofVm0.gif","","<p><br></p><!-- richTextHoistStyles -->","true","https://framerusercontent.com/images/JiHSuFYs82OgnhMsirOQDiAnoM.gif","","true","https://framerusercontent.com/images/b4B4mPhVIb6JowjMy4OyU60D54o.jpg","","true","https://framerusercontent.com/images/eTIHWNqAUzhW0bdewmwMStBnAp0.jpg","","true","https://framerusercontent.com/images/4zrYtZaGlrX7Nsxc72coyYeY.jpg","","true","https://framerusercontent.com/images/BGL8mgjW19KBgg3D6NYfqeoSI.jpg","","true","https://framerusercontent.com/images/w1LisNoT19jw9lZvT0eYUN9ITws.jpg","","true","https://framerusercontent.com/images/wDwWrMNnjzuLdPD5qmKz5fMg48.jpg","","true","https://framerusercontent.com/images/fkTgWxMiXxyKvZ4drFnBd5TkI.gif",""
"dayoff","DayOff","https://framerusercontent.com/images/iOoLAoHfTQEI36nNiedHIGScMQ.gif","","<p><br></p><!-- richTextHoistStyles -->","true","https://framerusercontent.com/images/CFjABUaeIbxnxcdTuuitwol54.jpg","","true","https://framerusercontent.com/images/cEVPSYeUgYdj1sr0v8gAlesFY0.jpg","","true","https://framerusercontent.com/images/dBxQAq4nwshioz2JFbMjSEpmhMU.jpg","","true","https://framerusercontent.com/images/DOGrurSxKZ1eaLQYioq9bDV1Ak.jpg","","true","https://framerusercontent.com/images/3CII6pTzm2IrdMZZe7fCGUGKl8.jpg","","true","https://framerusercontent.com/images/Cm15KyDwp2lSHU4waxQZIweJPIU.jpg","","true","https://framerusercontent.com/images/e5Ha3c4D3C6UcZfdFteYrdoEmuk.jpg","","true","https://framerusercontent.com/images/NStj6ierT7ngYeBjvHvStRqlhs.jpg",""
"owork","Owork Office","https://framerusercontent.com/images/3WrOYkoXNiQlerjCMbCcCmFVAIQ.gif","","<p><br></p><!-- richTextHoistStyles -->","true","https://framerusercontent.com/images/FKB91sXaAMpQFKGR80Yqx97yk.jpg","","true","https://framerusercontent.com/images/pkeOexpLBdqWqWmyXivotzp7y0.jpg","","true","https://framerusercontent.com/images/hDqS2b84zBhGfYN6mY319WqH5w.jpg","","true","https://framerusercontent.com/images/acrx45QMt5HmAAiXy36wMVtG0k.jpg","","true","https://framerusercontent.com/images/d6TJIthw7VzBeVGk8V0ODrVno08.jpg","","true","https://framerusercontent.com/images/GaBRkj2CdFoxHVfeDo0akM4yRI.jpg","","true","https://framerusercontent.com/images/QntEd2wBFxxsBB1coVyucUqc.jpg","","true","https://framerusercontent.com/images/EmlebPXDtorSvoYogxLwLnvxyg.jpg",""
"miaoyin","Miaoyin Temple","https://framerusercontent.com/images/l0a1pr7j7vfj7rntm4E9GznzM.jpg","","<p><br></p><!-- richTextHoistStyles -->","true","https://framerusercontent.com/images/TaeSy5Nn1vOBb49ZsrZy2beXsg.jpg","","true","https://framerusercontent.com/images/024rgaxCpQoPwxCxhrof1n9tCQ.jpg","","true","https://framerusercontent.com/images/frFLShAjJRaNEpWZlxepFwEICo.jpg","","true","https://framerusercontent.com/images/MbTOBdUzlmqXlA8WlfvcBp3l1w.jpg","","true","https://framerusercontent.com/images/sZGOenvh5vvHAxckrHXAr6qooo.jpg","","true","https://framerusercontent.com/images/ToRS3nKZxOMTcmz86hJ94wIBwiw.jpg","","true","https://framerusercontent.com/images/xoENWr2JwCbZdFzsm4AgQPCZrOc.jpg","","true","https://framerusercontent.com/images/Zs4NgNKJLQzLoYHAkQv3iniFYg.jpg",""
"ayerwo","Ayerwo Nursery","https://framerusercontent.com/images/49HArvuAVKLVgqeQWAtXBVYjbiw.jpg","","<p><br></p><!-- richTextHoistStyles -->","true","https://framerusercontent.com/images/gJRGic7v3oSnQ1OgSIGTm3LjQw.jpg","","true","https://framerusercontent.com/images/wjX4ZiOMOfPATsLNAreaH62pHDU.jpg","","true","https://framerusercontent.com/images/g9qy83kXQmZAkjIf5ragLube08Q.jpg","","true","https://framerusercontent.com/images/Bg6HUJNIwEU8A0pdQyqH7f7rKs.jpg","","true","https://framerusercontent.com/images/b7TFhE7E6SkRkEyptfH0BUp00zM.jpg","","true","https://framerusercontent.com/images/BMyIM3szbFRKvPb7wEAkG1Mj30.jpg","","true","https://framerusercontent.com/images/nvsFjytaKUxHduUJxHPZeAGhkPk.jpg","","true","https://framerusercontent.com/images/ENyfO9Tre9SpT53COknWYVFwdI.jpg",""
"yiwen","Yiwen School","https://framerusercontent.com/images/GiCO3PQesoKMi0IW5gkDK1Lvg8.jpg","","<p><br></p><!-- richTextHoistStyles -->","true","https://framerusercontent.com/images/7NnfoAbTqlntKr06tGKVYhimbE.jpg","","true","https://framerusercontent.com/images/8kTS1iq2QO1nJK2wN3CyD0F0.jpg","","true","https://framerusercontent.com/images/PDAb7Vgcpzj3Y3GUFom8dYMpiZ0.jpg","","true","https://framerusercontent.com/images/gRsymODx2iztc51jqaVcMXViCz4.jpg","","true","https://framerusercontent.com/images/LQmZGKd36CnfhwhVX1e2OI0cPU.jpg","","true","https://framerusercontent.com/images/CCCYpQ400rTHW4fFoDkdhOD57qk.jpg","","true","https://framerusercontent.com/images/70MkUTxInuj2ndLYCa3sB6oLC4s.jpg","","true","https://framerusercontent.com/images/QtvEKdj1u6h4pihlD07dT9v72o.jpg",""
"mashe","Mashe","https://framerusercontent.com/images/pBwICclI107HObp4DGAgubac.jpg","","<p><br></p><!-- richTextHoistStyles -->","true","https://framerusercontent.com/images/vQvjMSQSs7Mjb09xHlyN4wdp2xs.jpg","","true","https://framerusercontent.com/images/dhHQX9T2ROh1cfW89xzf4JwA5M.jpg","","true","https://framerusercontent.com/images/2RZfnHJdRob94twLpVGM3NhtY.jpg","","true","https://framerusercontent.com/images/k0l5QDaMmFLQijvX4tysSAiLgkA.jpg","","true","https://framerusercontent.com/images/gSEkB7kWsPfe3vVxZemnLE8s1Q.jpg","","true","https://framerusercontent.com/images/Jja6uvRU4KiVrCNnUjHNFfQdXk.jpg","","true","https://framerusercontent.com/images/1l4LHxFtVu1KRzAQFmOxQXH7WY.jpg","","true","https://framerusercontent.com/images/qZe0Fnp2i9LXEvylT8ku3w7PIiU.jpg",""
"cello-sonata","Cello Sonata","https://framerusercontent.com/images/yvTFw9W36TA9AF3AfXYE4topGBE.jpg","","<p><br></p><!-- richTextHoistStyles -->","true","https://framerusercontent.com/images/qrxRmssJYkXqmA8UzgJe4dRF0M.gif","","true","https://framerusercontent.com/images/B8CvL0T10P6hShXltWYLZLAsKo.jpg","","true","https://framerusercontent.com/images/PReAbDOJFTwrDrtlRSx3HaPKVsw.jpg","","true","https://framerusercontent.com/images/fa2z8rlEj28zHEUkL66Fd8CqDE.jpg","","true","","","true","https://framerusercontent.com/images/qMcuit1SJqAX9TQIlb34U46Ejlg.jpg","","true","https://framerusercontent.com/images/wKofuFtefw1B450eGH8yDjxlps.jpg","","true","https://framerusercontent.com/images/XhdI1yMEmdgcnFXtkzEE56ZU.jpg",""
"tsingshan","Tsingshan","https://framerusercontent.com/images/L2Met8qhNrSJazR31OXtokGos.jpg","","<p><br></p><!-- richTextHoistStyles -->","false","","","false","https://framerusercontent.com/images/BMyIM3szbFRKvPb7wEAkG1Mj30.jpg","","false","https://framerusercontent.com/images/g9qy83kXQmZAkjIf5ragLube08Q.jpg","","false","","","false","","","false","","","false","","","false","",""
"inwest","Inwest Group","https://framerusercontent.com/images/KgKB7Bus8MeySkk2Kv3M5GzI.png","","","true","https://framerusercontent.com/images/8wyIPpuw37MEjsaS0WHLV385BZ0.png","","true","https://framerusercontent.com/images/XYL78GB5v1iWJfJ4woqlTyGlbQQ.jpg","","true","https://framerusercontent.com/images/2gXPRvVrzglHyI16dLzoKMUUIo.jpg","","true","https://framerusercontent.com/images/OTV4E3RZcvOKMBiwJ0fUftOYC0.jpg","","true","https://framerusercontent.com/images/C222QyiFTlAPdTLnJknZ6uic0ys.jpg","","true","https://framerusercontent.com/images/NOev97ZZ6wXiGuONXULLf3yKHXM.jpg","","true","https://framerusercontent.com/images/ujUF8DcxRMYCPeHFXRSEMcXaHA.jpg","","false","",""
"hiplus","Hiplus Furniture","https://framerusercontent.com/images/WfyQKvxi7QKEIA7VRbQcueQ3A.gif","","<p><br></p><!-- richTextHoistStyles -->","true","https://framerusercontent.com/images/Guky0EFseu4cxvfIL4eQtgRuUQM.jpg","","true","https://framerusercontent.com/images/HZ9vcI81bICwTOBk01k7SyKYFk.jpg","","true","https://framerusercontent.com/images/hcQOLp1QktOLTb7cBBosvB7HxFk.jpg","","true","https://framerusercontent.com/images/G9fGXswNi0slPWGJoiSrOrpw.jpg","","true","https://framerusercontent.com/images/HUya4BEp5788cSwkI7xm25yQRU.jpg","","true","https://framerusercontent.com/images/XdEDdGe79Imokx6I7wefH0qIY6g.jpg","","false","","","false","",""
"hello-food","Hello Food","https://framerusercontent.com/images/PMAVkHlwoSzG1BUXICk9IXFGno.jpg","","<p><br></p><!-- richTextHoistStyles -->","true","https://framerusercontent.com/images/QYVi8sWjlyrwNDOg7dguyEglo.jpg","","true","https://framerusercontent.com/images/FAJHJfTiRRRwaB5DSehOQnKo8.jpg","","true","https://framerusercontent.com/images/9LlYRAnnLe1eQGeAcIB3OaB7OGE.jpg","","true","https://framerusercontent.com/images/T94FkAQC5Gx8dCzOfnRaXJUgwwc.jpg","","true","https://framerusercontent.com/images/PYkloNDH5N2wYtDUWcuMOTaNk4.jpg","","false","","","false","","","false","",""
"wenzhou-overseas","Wenzhou Overseas","https://framerusercontent.com/images/H5qnbgr2Rvtu3ycNh9zQjgmt90.jpg","","<p><br></p><!-- richTextHoistStyles -->","true","https://framerusercontent.com/images/ug5MZfkEkp0YjW3xOgjKdfW67E.jpg","","true","https://framerusercontent.com/images/nrHRjFQooVv6pPMvLfeAfLT9yE.jpg","","true","https://framerusercontent.com/images/TZWMx36k5e9x7UHIkPdmnvGVg.jpg","","true","https://framerusercontent.com/images/Mq1ngbaXeIx2EdfF7yix6mZnF5I.jpg","","false","","","false","","","false","","","false","",""